Facility ID,Facility Name,State,avg_err,max_err,conditions_at_risk,conditions_measured,total_discharges,total_readmissions,err_score,breadth_score,volume_score,risk_score,risk_tier
50030,OROVILLE HOSPITAL,CA,1.24836,1.4255,5,5,1268.0,384.0,10.0,8.33,3.15,8.13,High Risk
40027,BAXTER HEALTH,AR,1.0998333333333334,1.2015,6,6,1613.0,248.0,5.64,10.0,4.01,6.62,Medium Risk
10033,UNIVERSITY OF ALABAMA HOSPITAL,AL,1.15155,1.3796,4,6,1803.0,341.0,7.16,6.67,4.49,6.48,Medium Risk
30087,HONORHEALTH SCOTTSDALE SHEA MEDICAL CENTER,AZ,1.0641333333333334,1.1982,6,6,1987.0,337.0,4.59,10.0,4.94,6.28,Medium Risk
50002,ST ROSE HOSPITAL,CA,1.11552,1.2013,5,5,408.0,97.0,6.1,8.33,1.01,5.75,Medium Risk
50022,RIVERSIDE COMMUNITY HOSPITAL,CA,1.05875,1.0913,6,6,981.0,215.0,4.43,10.0,2.44,5.7,Medium Risk
20017,ALASKA REGIONAL HOSPITAL,AK,1.0864333333333334,1.1659,5,6,1155.0,167.0,5.24,8.33,2.87,5.69,Medium Risk
50093,SAINT AGNES MEDICAL CENTER,CA,1.0688666666666666,1.1768,4,6,2585.0,526.0,4.73,6.67,6.43,5.65,Medium Risk
50039,ENLOE HEALTH,CA,1.0047833333333334,1.1497,4,6,4020.0,687.0,2.84,6.67,10.0,5.42,Medium Risk
30092,HONORHEALTH DEER VALLEY MEDICAL CENTER,AZ,1.0729,1.2114,5,6,981.0,169.0,4.84,8.33,2.44,5.41,Medium Risk
40118,"BAPTIST MEMORIAL HOSPITAL JONESBORO, INC.",AR,1.0475999999999999,1.1125,5,5,1660.0,300.0,4.1,8.33,4.13,5.38,Medium Risk
10092,DCH REGIONAL MEDICAL CENTER,AL,1.080475,1.1728,4,4,1601.0,311.0,5.07,6.67,3.98,5.33,Medium Risk
10055,FLOWERS HOSPITAL,AL,1.0901833333333333,1.3851,4,6,1297.0,191.0,5.35,6.67,3.23,5.32,Medium Risk
50026,GROSSMONT HOSPITAL,CA,1.0423166666666666,1.1076,5,6,1657.0,315.0,3.95,8.33,4.12,5.3,Medium Risk
40020,ST BERNARDS MEDICAL CENTER,AR,1.07704,1.2153,4,5,1591.0,295.0,4.97,6.67,3.96,5.28,Medium Risk
10046,RIVERVIEW REGIONAL MEDICAL CENTER,AL,1.06688,1.1181,5,5,696.0,159.0,4.67,8.33,1.73,5.18,Medium Risk
50060,COMMUNITY REGIONAL MEDICAL CENTER,CA,1.07098,1.1107,4,5,1550.0,306.0,4.79,6.67,3.86,5.17,Medium Risk
30006,TUCSON MEDICAL CENTER,AZ,1.0797333333333332,1.2525,3,6,1915.0,324.0,5.05,5.0,4.76,4.98,Medium Risk
30061,BANNER BOSWELL MEDICAL CENTER,AZ,1.0170000000000001,1.0917,4,6,2315.0,411.0,3.2,6.67,5.76,4.75,Medium Risk
10023,BAPTIST MEDICAL CENTER SOUTH,AL,1.0332666666666668,1.0851,5,6,701.0,144.0,3.68,8.33,1.74,4.69,Medium Risk
40055,BAPTIST HEALTH - FORT SMITH,AR,1.03146,1.1182,4,5,1742.0,349.0,3.63,6.67,4.33,4.68,Medium Risk
10056,ST VINCENT'S BIRMINGHAM,AL,1.056,1.1136,4,6,950.0,168.0,4.35,6.67,2.36,4.65,Medium Risk
10016,SHELBY BAPTIST MEDICAL CENTER,AL,1.0397,1.1004,5,6,428.0,81.0,3.87,8.33,1.06,4.65,Medium Risk
50112,SANTA MONICA - UCLA MED CTR & ORTHOPAEDIC HOSPITAL,CA,1.03598,1.1645,4,5,1502.0,261.0,3.76,6.67,3.74,4.63,Medium Risk
50077,SCRIPPS MERCY HOSPITAL,CA,1.0146333333333333,1.1167,5,6,942.0,200.0,3.13,8.33,2.34,4.53,Medium Risk
40026,CHI ST. VINCENT HOSPITAL HOT SPRINGS,AR,1.0262166666666668,1.0836,4,6,1531.0,278.0,3.47,6.67,3.81,4.5,Medium Risk
50047,CALIFORNIA PACIFIC MEDICAL CENTER- VAN NESS CAMPUS,CA,1.04788,1.1638,4,5,901.0,177.0,4.11,6.67,2.24,4.5,Medium Risk
30065,BANNER DESERT MEDICAL CENTER,AZ,1.03292,1.1307,4,5,1289.0,231.0,3.67,6.67,3.21,4.48,Medium Risk
40114,BAPTIST HEALTH MEDICAL CENTER-LITTLE ROCK,AR,1.0050999999999999,1.089,4,6,2048.0,357.0,2.85,6.67,5.09,4.44,Medium Risk
40036,BAPTIST HEALTH MEDICAL CENTER NORTH LITTLE ROCK,AR,1.0494333333333332,1.2842,3,6,1703.0,285.0,4.16,5.0,4.24,4.43,Medium Risk
50075,KAISER FOUNDATION HOSPITAL - OAKLAND/RICHMOND,CA,1.056175,1.1045,4,4,308.0,76.0,4.35,6.67,0.77,4.33,Medium Risk
30103,MAYO CLINIC HOSPITAL,AZ,1.0025333333333333,1.152,3,6,2717.0,421.0,2.78,5.0,6.76,4.24,Medium Risk
50017,MERCY GENERAL HOSPITAL,CA,1.05135,1.2837,3,6,1240.0,218.0,4.21,5.0,3.08,4.22,Medium Risk
50038,SANTA CLARA VALLEY MEDICAL CENTER,CA,1.00475,1.0209,4,6,1593.0,297.0,2.84,6.67,3.96,4.21,Medium Risk
10078,NORTHEAST ALABAMA REGIONAL MEDICAL CENTER,AL,1.08584,1.3369,2,5,1204.0,200.0,5.22,3.33,3.0,4.21,Medium Risk
50024,PARADISE VALLEY HOSPITAL,CA,1.049475,1.0971,4,4,193.0,50.0,4.16,6.67,0.48,4.18,Medium Risk
50116,NORTHRIDGE HOSPITAL MEDICAL CENTER,CA,1.0117,1.0933,4,6,1144.0,240.0,3.05,6.67,2.85,4.1,Medium Risk
50104,SAINT FRANCIS MEDICAL CENTER,CA,1.032325,1.1176,4,4,420.0,98.0,3.65,6.67,1.04,4.03,Medium Risk
50091,COMMUNITY HOSPITAL OF HUNTINGTON PARK,CA,1.0743,1.1245,3,3,160.0,47.0,4.89,5.0,0.4,4.02,Medium Risk
40154,BAPTIST HEALTH MEDICAL CENTER- CONWAY,AR,1.022025,1.0355,4,4,675.0,120.0,3.35,6.67,1.68,4.01,Medium Risk
30123,HONORHEALTH SCOTTSDALE THOMPSON PEAK MED CTR,AZ,1.03938,1.1533,3,5,1156.0,164.0,3.86,5.0,2.88,4.01,Medium Risk
30094,ABRAZO ARROWHEAD HOSPITAL,AZ,1.0007333333333335,1.028,4,6,1294.0,205.0,2.72,6.67,3.22,4.0,Medium Risk
10104,GRANDVIEW MEDICAL CENTER,AL,1.01545,1.1539,3,6,1802.0,267.0,3.16,5.0,4.48,3.98,Medium Risk
30043,CANYON VISTA MEDICAL CENTER,AZ,1.01906,1.0669,4,5,661.0,108.0,3.26,6.67,1.64,3.96,Medium Risk
10100,THOMAS HOSPITAL,AL,1.0030333333333334,1.071,4,6,1118.0,192.0,2.79,6.67,2.78,3.95,Medium Risk
50084,ST JOSEPH'S MEDICAL CENTER OF STOCKTON,CA,1.03036,1.2281,3,5,1286.0,232.0,3.59,5.0,3.2,3.94,Medium Risk
50100,SHARP MEMORIAL HOSPITAL,CA,1.0301666666666667,1.189,3,6,1277.0,212.0,3.59,5.0,3.18,3.93,Medium Risk
50056,ANTELOPE VALLEY HOSPITAL,CA,1.02195,1.032,4,4,499.0,90.0,3.35,6.67,1.24,3.92,Medium Risk
10131,CRESTWOOD MEDICAL CENTER,AL,1.0425,1.1265,3,5,850.0,163.0,3.95,5.0,2.11,3.9,Medium Risk
10083,BALDWIN HEALTH,AL,1.04566,1.2704,3,5,742.0,117.0,4.04,5.0,1.85,3.89,Medium Risk
10158,RUSSELLVILLE HOSPITAL,AL,1.0995333333333333,1.2754,2,3,92.0,15.0,5.63,3.33,0.23,3.86,Medium Risk
30147,BANNER OCOTILLO MEDICAL CENTER,AZ,1.0914,1.138,2,2,310.0,64.0,5.39,3.33,0.77,3.85,Medium Risk
30146,HONORHEALTH SONORAN CROSSING MEDICAL CENTER,AZ,1.05745,1.1137,3,4,252.0,54.0,4.39,5.0,0.63,3.82,Medium Risk
10019,HELEN KELLER HOSPITAL,AL,1.040325,1.2168,3,4,659.0,102.0,3.89,5.0,1.64,3.77,Medium Risk
30115,BANNER ESTRELLA MEDICAL CENTER,AZ,1.00396,1.0283,4,5,679.0,128.0,2.82,6.67,1.69,3.75,Medium Risk
50110,LOMPOC VALLEY MEDICAL CENTER,CA,1.05355,1.1096,3,4,203.0,43.0,4.28,5.0,0.5,3.74,Medium Risk
10040,GADSDEN REGIONAL MEDICAL CENTER,AL,1.0389166666666667,1.1728,3,6,613.0,116.0,3.85,5.0,1.52,3.73,Medium Risk
40014,WHITE COUNTY MEDICAL CENTER,AR,1.01718,1.1147,3,5,1244.0,237.0,3.21,5.0,3.09,3.72,Medium Risk
50107,MARIAN REGIONAL MEDICAL CENTER,CA,0.99695,1.0975,3,6,1846.0,257.0,2.61,5.0,4.59,3.72,Medium Risk
40062,MERCY HOSPITAL FORT SMITH,AR,0.9695166666666667,1.061,4,6,1612.0,278.0,1.81,6.67,4.01,3.71,Medium Risk
10149,BAPTIST MEDICAL CENTER EAST,AL,1.037075,1.1038,3,4,592.0,119.0,3.79,5.0,1.47,3.69,Medium Risk
30016,BANNER CASA GRANDE MEDICAL CENTER,AZ,1.03805,1.0745,3,4,526.0,102.0,3.82,5.0,1.31,3.67,Medium Risk
10011,ST. VINCENT'S EAST,AL,1.02746,1.1213,3,5,787.0,136.0,3.51,5.0,1.96,3.65,Medium Risk
10006,NORTH ALABAMA MEDICAL CENTER,AL,1.0002166666666668,1.0527,3,6,1599.0,259.0,2.71,5.0,3.98,3.65,Medium Risk
40161,ARKANSAS HEART HOSPITAL-ENCORE,AR,1.04305,1.0909,3,4,276.0,63.0,3.97,5.0,0.69,3.62,Medium Risk
40134,"ARKANSAS HEART HOSPITAL, LLC",AR,1.0295999999999998,1.1337,2,5,1618.0,228.0,3.57,3.33,4.02,3.59,Medium Risk
50103,ADVENTIST HEALTH WHITE MEMORIAL,CA,1.036025,1.1238,3,4,412.0,91.0,3.76,5.0,1.02,3.58,Medium Risk
10113,MOBILE INFIRMARY MEDICAL CENTER,AL,1.0132166666666667,1.096,3,6,1056.0,203.0,3.09,5.0,2.63,3.57,Medium Risk
30012,YAVAPAI REGIONAL MEDICAL CENTER,AZ,0.9820000000000001,1.0627,3,6,1918.0,262.0,2.17,5.0,4.77,3.54,Medium Risk
10079,ATHENS LIMESTONE HOSPITAL,AL,1.032075,1.0846,3,4,412.0,73.0,3.65,5.0,1.02,3.53,Medium Risk
50115,PALOMAR HEALTH DOWNTOWN CAMPUS,CA,1.0059500000000001,1.1386,3,6,1158.0,179.0,2.88,5.0,2.88,3.52,Medium Risk
10007,MIZELL MEMORIAL HOSPITAL,AL,1.0399,1.062,3,3,123.0,28.0,3.88,5.0,0.31,3.5,Medium Risk
20024,CENTRAL PENINSULA GENERAL HOSPITAL,AK,1.024675,1.2271,3,4,470.0,115.0,3.43,5.0,1.17,3.45,Medium Risk
50036,BAKERSFIELD MEMORIAL HOSPITAL,CA,1.0130333333333332,1.0804,3,6,770.0,155.0,3.09,5.0,1.92,3.43,Medium Risk
30148,NORTHWEST MEDICAL CENTER SAHUARITA,AZ,1.0223,1.087,3,4,416.0,62.0,3.36,5.0,1.03,3.39,Medium Risk
10090,"USA HEALTH HCA PROVIDENCE HOSPITAL, LLC",AL,1.0155166666666666,1.1374,3,6,615.0,119.0,3.16,5.0,1.53,3.39,Medium Risk
30024,ST JOSEPHS HOSPITAL AND MEDICAL CENTER,AZ,1.00838,1.0649,3,5,722.0,111.0,2.95,5.0,1.8,3.34,Medium Risk
50025,UC SAN DIEGO HEALTH HILLCREST - HILLCREST MED CTR,CA,1.0089166666666667,1.1658,2,6,1691.0,295.0,2.96,3.33,4.21,3.32,Low Risk
30093,BANNER DEL E. WEBB MEDICAL CENTER,AZ,0.9878,1.0877,2,5,2294.0,399.0,2.34,3.33,5.71,3.31,Low Risk
10144,SPRINGHILL MEDICAL CENTER,AL,1.01155,1.0659,3,6,517.0,99.0,3.04,5.0,1.29,3.28,Low Risk
30119,MERCY GILBERT MEDICAL CENTER,AZ,1.0191599999999998,1.0685,2,5,1259.0,235.0,3.27,3.33,3.13,3.26,Low Risk
30038,HONORHEALTH SCOTTSDALE OSBORN MEDICAL CENTER,AZ,0.9905000000000002,1.06,3,5,1067.0,184.0,2.42,5.0,2.65,3.24,Low Risk
30089,BANNER THUNDERBIRD MEDICAL CENTER,AZ,0.98308,1.0189,3,5,1239.0,210.0,2.21,5.0,3.08,3.22,Low Risk
10012,DEKALB REGIONAL MEDICAL CENTER,AL,1.01734,1.084,3,5,240.0,48.0,3.21,5.0,0.6,3.22,Low Risk
40051,BAPTIST HEALTH MEDICAL CENTER-DREW COUNTY,AR,1.0428333333333333,1.1109,2,3,460.0,86.0,3.96,3.33,1.14,3.21,Low Risk
30036,CHANDLER REGIONAL MEDICAL CENTER,AZ,0.9792400000000001,1.0949,2,5,2133.0,324.0,2.09,3.33,5.31,3.11,Low Risk
10024,JACKSON HOSPITAL & CLINIC INC,AL,0.9888999999999999,1.0207,3,5,809.0,140.0,2.38,5.0,2.01,3.09,Low Risk
30069,HAVASU REGIONAL MEDICAL CENTER,AZ,0.9865499999999999,1.037,3,6,868.0,140.0,2.31,5.0,2.16,3.09,Low Risk
10164,COOSA VALLEY MEDICAL CENTER,AL,1.0439666666666667,1.1292,2,3,180.0,39.0,3.99,3.33,0.45,3.08,Low Risk
30084,CHINLE COMPREHENSIVE HEALTH CARE FACILITY,AZ,1.044,1.0551,2,2,82.0,12.0,4.0,3.33,0.2,3.04,Low Risk
10039,HUNTSVILLE HOSPITAL,AL,0.9486833333333333,1.0436,1,6,3786.0,562.0,1.19,1.67,9.42,2.98,Low Risk
30022,VALLEYWISE HEALTH MEDICAL CENTER,AZ,1.0407000000000002,1.0638,2,2,38.0,12.0,3.9,3.33,0.09,2.97,Low Risk
30071,FORT DEFIANCE INDIAN HOSPITAL,AZ,1.0409000000000002,1.0421,2,2,0.0,0.0,3.9,3.33,0.0,2.95,Low Risk
50057,KAWEAH HEALTH MEDICAL CENTER,CA,0.9695999999999999,1.0875,2,6,2020.0,326.0,1.81,3.33,5.02,2.91,Low Risk
40029,"CONWAY REGIONAL MEDICAL CENTER, INC",AR,1.0053,1.0579,2,4,962.0,156.0,2.86,3.33,2.39,2.91,Low Risk
50058,GLENDALE MEM HOSPITAL & HLTH CENTER,CA,1.0008199999999998,1.0994,2,5,1056.0,222.0,2.73,3.33,2.63,2.89,Low Risk
10036,ANDALUSIA HEALTH,AL,1.02705,1.1547,2,4,271.0,48.0,3.5,3.33,0.67,2.88,Low Risk
50099,SAN ANTONIO REGIONAL HOSPITAL,CA,0.9662000000000001,1.0217,3,5,1049.0,168.0,1.71,5.0,2.61,2.88,Low Risk
30013,YUMA REGIONAL MEDICAL CENTER,AZ,0.9808166666666667,1.1265,2,6,1546.0,248.0,2.14,3.33,3.85,2.84,Low Risk
50102,PARKVIEW COMMUNITY HOSPITAL MEDICAL CENTER,CA,1.0211,1.0785,2,3,257.0,55.0,3.32,3.33,0.64,2.79,Low Risk
40010,MERCY HOSPITAL NORTHWEST ARKANSAS,AR,0.98896,1.0527,2,5,1210.0,191.0,2.38,3.33,3.01,2.79,Low Risk
30130,BANNER IRONWOOD MEDICAL CENTER,AZ,1.0162,1.0849,2,3,375.0,66.0,3.18,3.33,0.93,2.78,Low Risk
50067,OAK VALLEY HOSPITAL DISTRICT,CA,1.0292,1.0551,2,2,0.0,0.0,3.56,3.33,0.0,2.78,Low Risk
40050,OUACHITA COUNTY MEDICAL CENTER,AR,1.0248,1.045,2,2,78.0,14.0,3.43,3.33,0.19,2.75,Low Risk
10130,ST VINCENT'S ST CLAIR,AL,1.0214666666666667,1.0602,2,3,174.0,34.0,3.33,3.33,0.43,2.75,Low Risk
10120,MONROE COUNTY HOSPITAL,AL,1.02725,1.0336,2,2,0.0,0.0,3.5,3.33,0.0,2.75,Low Risk
30010,ST. MARY'S HOSPITAL,AZ,1.00766,1.0287,2,5,548.0,85.0,2.93,3.33,1.36,2.74,Low Risk
50089,COMMUNITY HOSPITAL OF SAN BERNARDINO,CA,1.02425,1.0333,2,2,41.0,12.0,3.42,3.33,0.1,2.73,Low Risk
10035,CULLMAN REGIONAL MEDICAL CENTER,AL,0.99414,1.0725,2,5,930.0,150.0,2.53,3.33,2.31,2.73,Low Risk
50108,"SUTTER MEDICAL CENTER, SACRAMENTO",CA,0.9571666666666667,1.0352,2,6,1990.0,311.0,1.44,3.33,4.95,2.71,Low Risk
50055,CALIFORNIA PACIFIC MEDICAL CENTER - MISSION BERNAL,CA,0.974875,1.0418,3,4,389.0,74.0,1.96,5.0,0.97,2.67,Low Risk
40002,JOHNSON REGIONAL MEDICAL CENTER,AR,1.0164666666666669,1.0783,2,3,103.0,19.0,3.19,3.33,0.26,2.65,Low Risk
30085,NORTHWEST MEDICAL CENTER,AZ,0.9751833333333333,1.0329,2,6,1294.0,174.0,1.97,3.33,3.22,2.63,Low Risk
10089,WALKER BAPTIST MEDICAL CENTER,AL,1.0047,1.0294,2,3,403.0,70.0,2.84,3.33,1.0,2.62,Low Risk
10101,CITIZENS BAPTIST MEDICAL CENTER,AL,1.0499,1.1161,1,2,50.0,17.0,4.17,1.67,0.12,2.61,Low Risk
30110,ABRAZO WEST CAMPUS,AZ,0.994675,1.0396,2,4,659.0,104.0,2.55,3.33,1.64,2.6,Low Risk
40078,NATIONAL PARK MEDICAL CENTER,AR,0.9957333333333334,1.1365,2,6,629.0,105.0,2.58,3.33,1.56,2.6,Low Risk
30014,HONOR HEALTH JOHN C. LINCOLN MEDICAL CENTER,AZ,0.98962,1.0705,2,5,661.0,99.0,2.4,3.33,1.64,2.53,Low Risk
40084,SALINE MEMORIAL HOSPITAL,AR,1.0015399999999999,1.0638,2,5,317.0,53.0,2.75,3.33,0.79,2.53,Low Risk
40001,SILOAM SPRINGS REGIONAL HOSPITAL,AR,1.0082499999999999,1.0123,2,2,78.0,11.0,2.95,3.33,0.19,2.51,Low Risk
30011,ST JOSEPH'S HOSPITAL,AZ,0.9933400000000001,1.0497,2,5,486.0,71.0,2.51,3.33,1.21,2.5,Low Risk
50063,HOLLYWOOD PRESBYTERIAN MEDICAL CENTER,CA,0.9871399999999999,1.1092,2,5,676.0,148.0,2.32,3.33,1.68,2.49,Low Risk
10118,VAUGHAN REGIONAL MEDICAL CENTER PARKWAY CAMPUS,AL,1.0057666666666667,1.0838,2,3,95.0,22.0,2.87,3.33,0.24,2.48,Low Risk
30023,FLAGSTAFF MEDICAL CENTER,AZ,0.9830666666666668,1.0499,2,6,724.0,113.0,2.21,3.33,1.8,2.46,Low Risk
10029,THE EAST ALABAMA HEALTHCARE AUTHORITY,AL,0.9726333333333333,1.0521,2,6,956.0,100.0,1.9,3.33,2.38,2.42,Low Risk
20008,BARTLETT REGIONAL HOSPITAL,AK,1.0006666666666666,1.0332,2,3,119.0,23.0,2.72,3.33,0.3,2.42,Low Risk
10045,FAYETTE MEDICAL CENTER,AL,1.0033,1.0117,2,3,0.0,0.0,2.8,3.33,0.0,2.4,Low Risk
30062,SUMMIT HEALTHCARE REGIONAL MEDICAL CENTER,AZ,0.98932,1.0294,2,5,419.0,57.0,2.39,3.33,1.04,2.4,Low Risk
40011,CHAMBERS MEMORIAL HOSPITAL,AR,0.9939666666666667,1.0203,2,3,228.0,32.0,2.53,3.33,0.57,2.38,Low Risk
20006,MAT-SU REGIONAL MEDICAL CENTER,AK,0.97334,1.0635,2,5,848.0,127.0,1.92,3.33,2.11,2.38,Low Risk
10001,SOUTHEAST HEALTH MEDICAL CENTER,AL,0.9783833333333334,1.0233,1,6,1692.0,280.0,2.07,1.67,4.21,2.38,Low Risk
40017,NORTH ARKANSAS REGIONAL MEDICAL CENTER,AR,0.9938,1.0261,2,4,217.0,30.0,2.52,3.33,0.54,2.37,Low Risk
40007,CHI-ST VINCENT INFIRMARY,AR,0.95914,1.0205,2,5,1223.0,184.0,1.5,3.33,3.04,2.36,Low Risk
50007,PENINSULA MEDICAL CENTER,CA,0.9623,1.0616,2,6,1097.0,179.0,1.59,3.33,2.73,2.34,Low Risk
10103,PRINCETON BAPTIST MEDICAL CENTER,AL,0.9833,1.0841,2,6,467.0,73.0,2.21,3.33,1.16,2.34,Low Risk
30055,KINGMAN REGIONAL MEDICAL CENTER,AZ,0.975725,1.0141,2,4,626.0,107.0,1.99,3.33,1.56,2.31,Low Risk
50090,SONOMA VALLEY HOSPITAL,CA,0.9966666666666667,1.0049,2,3,0.0,0.0,2.6,3.33,0.0,2.3,Low Risk
50071,KAISER FOUNDATION HOSPITAL-SANTA CLARA,CA,1.0283,1.0683,1,2,0.0,0.0,3.53,1.67,0.0,2.27,Low Risk
50028,MAD RIVER COMMUNITY HOSPITAL,CA,0.99265,1.0051,2,4,0.0,0.0,2.49,3.33,0.0,2.24,Low Risk
30105,BANNER HEART HOSPITAL,AZ,0.99125,1.1004,1,4,1042.0,132.0,2.45,1.67,2.59,2.24,Low Risk
50082,ST JOHNS REGIONAL MEDICAL CENTER,CA,0.9673666666666666,1.0261,1,6,1689.0,285.0,1.74,1.67,4.2,2.21,Low Risk
50045,EL CENTRO REGIONAL MEDICAL CENTER,CA,1.0062333333333333,1.0237,1,3,483.0,81.0,2.89,1.67,1.2,2.19,Low Risk
40016,University of Arkansas Medical Sciences,AR,0.997425,1.0489,1,4,694.0,128.0,2.63,1.67,1.73,2.16,Low Risk
50069,PROVIDENCE ST. JOSEPH HOSPITAL,CA,0.9841833333333333,1.0358,1,6,1088.0,178.0,2.24,1.67,2.71,2.16,Low Risk
10108,PRATTVILLE BAPTIST HOSPITAL,AL,1.0055333333333334,1.0447,1,3,404.0,72.0,2.87,1.67,1.0,2.14,Low Risk
40069,GREAT RIVER MEDICAL CENTER,AR,1.01665,1.0847,1,2,64.0,16.0,3.19,1.67,0.16,2.13,Low Risk
30002,BANNER - UNIVERSITY MEDICAL CENTER PHOENIX,AZ,0.96546,1.0702,2,5,529.0,115.0,1.69,3.33,1.32,2.11,Low Risk
20012,FAIRBANKS MEMORIAL HOSPITAL,AK,0.97238,1.0329,2,5,298.0,34.0,1.89,3.33,0.74,2.09,Low Risk
10126,TROY REGIONAL MEDICAL CENTER,AL,1.0155,1.0398,1,2,0.0,0.0,3.16,1.67,0.0,2.08,Low Risk
40119,WHITE RIVER MEDICAL CENTER,AR,0.9471,1.0395,2,5,1003.0,167.0,1.15,3.33,2.5,2.07,Low Risk
50040,LAC/OLIVE VIEW-UCLA MEDICAL CENTER,CA,1.0063333333333333,1.0497,1,3,193.0,35.0,2.89,1.67,0.48,2.04,Low Risk
30122,BANNER GATEWAY MEDICAL CENTER,AZ,0.9964666666666667,1.0243,1,3,486.0,81.0,2.6,1.67,1.21,2.04,Low Risk
30088,BANNER BAYWOOD MEDICAL CENTER,AZ,0.9636,1.039,1,4,1334.0,199.0,1.63,1.67,3.32,1.98,Low Risk
10129,NORTH BALDWIN INFIRMARY,AL,1.008,1.0317,1,2,0.0,0.0,2.94,1.67,0.0,1.97,Low Risk
30111,BANNER-UNIVERSITY MEDICAL CENTER SOUTH CAMPUS,AZ,0.998975,1.0419,1,4,204.0,34.0,2.67,1.67,0.51,1.94,Low Risk
40072,BAPTIST HEALTH MEDICAL CENTER-STUTTGART,AR,1.0025499999999998,1.0391,1,2,0.0,0.0,2.78,1.67,0.0,1.89,Low Risk
30101,WESTERN ARIZONA REGIONAL MEDICAL CENTER,AZ,0.9796400000000001,1.0444,1,5,623.0,97.0,2.1,1.67,1.55,1.86,Low Risk
40071,JEFFERSON REGIONAL MEDICAL CENTER,AR,0.9715,1.0637,1,5,812.0,140.0,1.87,1.67,2.02,1.84,Low Risk
30134,BANNER GOLDFIELD MEDICAL CENTER,AZ,0.99475,1.0135,1,2,100.0,12.0,2.55,1.67,0.25,1.83,Low Risk
10099,D W MCMILLAN MEMORIAL HOSPITAL,AL,0.99805,1.0201,1,2,0.0,0.0,2.65,1.67,0.0,1.83,Low Risk
30121,HONORHEALTH MOUNTAIN VISTA MEDICAL CENTER,AZ,0.98752,1.1183,1,5,322.0,42.0,2.34,1.67,0.8,1.83,Low Risk
30030,ABRAZO CENTRAL CAMPUS,AZ,0.9951,1.0229,1,2,74.0,13.0,2.56,1.67,0.18,1.82,Low Risk
10125,LAKELAND COMMUNITY HOSPITAL,AL,0.9860000000000001,1.0081,1,3,284.0,34.0,2.29,1.67,0.71,1.79,Low Risk
10148,EVERGREEN MEDICAL CENTER,AL,0.9927666666666667,1.0231,1,3,80.0,11.0,2.49,1.67,0.2,1.79,Low Risk
10087,USA HEALTH UNIVERSITY HOSPITAL,AL,0.9916333333333333,1.0179,1,3,55.0,12.0,2.46,1.67,0.14,1.76,Low Risk
50042,ST ELIZABETH COMMUNITY HOSPITAL,CA,0.9818666666666666,1.003,1,3,357.0,56.0,2.17,1.67,0.89,1.76,Low Risk
50014,SUTTER AMADOR HOSPITAL,CA,0.979025,1.0923,1,4,326.0,40.0,2.09,1.67,0.81,1.71,Low Risk
10112,WHITFIELD REGIONAL HOSPITAL,AL,0.98825,1.0366,1,2,51.0,13.0,2.36,1.67,0.13,1.71,Low Risk
10065,RUSSELL MEDICAL CENTER,AL,0.9511200000000001,1.0214,2,5,71.0,11.0,1.27,3.33,0.18,1.67,Low Risk
40156,"BAPTIST MEMORIAL HOSPITAL-CRITTENDEN, INC",AR,0.9872000000000001,1.0037,1,2,0.0,0.0,2.33,1.67,0.0,1.67,Low Risk
30139,DIGNITY HEALTH ARIZONA GENERAL HOSPITAL,AZ,0.9813000000000001,1.0056,1,3,139.0,13.0,2.15,1.67,0.35,1.65,Low Risk
50078,PROVIDENCE LITTLE CO OF MARY MED CTR SAN PEDRO,CA,0.9783333333333334,1.0026,1,3,218.0,32.0,2.07,1.67,0.54,1.64,Low Risk
50009,PROVIDENCE QUEEN OF THE VALLEY MEDICAL CENTER,CA,0.9556333333333332,1.0082,1,6,838.0,129.0,1.4,1.67,2.08,1.62,Low Risk
30117,VALLEY VIEW MEDICAL CENTER,AZ,0.9814666666666666,1.0003,1,3,0.0,0.0,2.16,1.67,0.0,1.58,Low Risk
40067,MAGNOLIA REGIONAL MEDICAL HOSPITAL,AR,0.97915,1.0149,1,2,0.0,0.0,2.09,1.67,0.0,1.55,Low Risk
10061,HIGHLANDS MEDICAL CENTER,AL,0.9747666666666666,1.0124,1,3,124.0,15.0,1.96,1.67,0.31,1.54,Low Risk
40088,SOUTH ARKANSAS REGIONAL HOSPITAL LLC,AR,0.964175,1.0056,1,4,320.0,40.0,1.65,1.67,0.8,1.49,Low Risk
50043,ALTA BATES SUMMIT MEDICAL CENTER,CA,0.9305833333333333,1.005,1,6,1295.0,196.0,0.66,1.67,3.22,1.48,Low Risk
50008,CALIFORNIA PACIFIC MEDICAL CTR-DAVIES CAMPUS HOSP,CA,0.9725,1.0191,1,3,74.0,15.0,1.89,1.67,0.18,1.48,Low Risk
10044,MARION REGIONAL MEDICAL CENTER,AL,0.9739,1.0028,1,2,0.0,0.0,1.94,1.67,0.0,1.47,Low Risk
40137,ST VINCENT MEDICAL CENTER/NORTH,AR,0.9693,1.0116,1,2,78.0,12.0,1.8,1.67,0.19,1.44,Low Risk
10139,BROOKWOOD BAPTIST MEDICAL CENTER,AL,0.95766,1.0023,1,5,310.0,46.0,1.46,1.67,0.77,1.38,Low Risk
30114,ORO VALLEY HOSPITAL,AZ,0.94206,1.0231,1,5,664.0,94.0,1.0,1.67,1.65,1.33,Low Risk
10085,DECATUR MORGAN HOSPITAL - DECATUR CAMPUS,AL,0.96532,0.9852,0,5,916.0,138.0,1.68,0.0,2.28,1.3,Low Risk
40041,ST MARYS REGIONAL MEDICAL CENTER,AR,0.9490000000000001,1.0486,1,5,399.0,50.0,1.2,1.67,0.99,1.3,Low Risk
40004,WASHINGTON REGIONAL MEDICAL CENTER,AR,0.9080166666666667,1.0093,1,6,1586.0,201.0,0.0,1.67,3.95,1.29,Low Risk
50006,PROVIDENCE ST JOSEPH HOSPITAL,CA,0.9222666666666667,1.02,1,6,1131.0,142.0,0.42,1.67,2.81,1.27,Low Risk
30083,ABRAZO SCOTTSDALE CAMPUS,AZ,0.952725,1.0001,1,4,226.0,28.0,1.31,1.67,0.56,1.27,Low Risk
50101,SUTTER SOLANO MEDICAL CENTER,CA,0.945925,1.0318,1,4,343.0,58.0,1.11,1.67,0.85,1.23,Low Risk
10049,MEDICAL CENTER ENTERPRISE,AL,0.94745,1.0197,1,4,309.0,45.0,1.16,1.67,0.77,1.23,Low Risk
20026,ALASKA NATIVE MEDICAL CENTER,AK,0.94712,1.0516,1,5,303.0,49.0,1.15,1.67,0.75,1.23,Low Risk
40039,ARKANSAS METHODIST MEDICAL CENTER,AR,0.979475,0.9903,0,4,233.0,33.0,2.1,0.0,0.58,1.17,Low Risk
50013,ADVENTIST HEALTH ST HELENA,CA,0.9400600000000001,1.0362,1,5,405.0,61.0,0.94,1.67,1.01,1.17,Low Risk
10086,NORTHWEST MEDICAL CENTER,AL,0.9480333333333334,1.0125,1,3,0.0,0.0,1.18,1.67,0.0,1.09,Low Risk
30007,VERDE VALLEY MEDICAL CENTER,AZ,0.9275,1.0567,1,4,492.0,53.0,0.57,1.67,1.22,1.03,Low Risk
30064,BANNER - UNIVERSITY MEDICAL CENTER TUCSON CAMPUS,AZ,0.9542400000000001,0.9832,0,5,656.0,104.0,1.36,0.0,1.63,1.01,Low Risk
40022,NORTHWEST MEDICAL CENTER-SPRINGDALE,AR,0.946,0.9898,0,4,900.0,125.0,1.12,0.0,2.24,1.01,Low Risk
20001,PROVIDENCE ALASKA MEDICAL CENTER,AK,0.9266166666666665,0.9801,0,6,1480.0,181.0,0.55,0.0,3.68,1.01,Low Risk
10005,MARSHALL MEDICAL CENTERS,AL,0.9181,1.0087,1,4,588.0,82.0,0.3,1.67,1.46,0.94,Low Risk
10114,"MEDICAL WEST, AN AFFILIATE OF UAB HEALTH SYSTEM",AL,0.9633333333333334,0.992,0,3,261.0,42.0,1.63,0.0,0.65,0.94,Low Risk
50054,SAN GORGONIO MEMORIAL HOSPITAL,CA,0.9652000000000001,0.9724,0,2,0.0,0.0,1.68,0.0,0.0,0.84,Low Risk
20018,YUKON KUSKOKWIM DELTA REG HOSPITAL,AK,0.9464999999999999,0.9884,0,2,0.0,0.0,1.13,0.0,0.0,0.56,Low Risk
